OrganizationID,Order,Title,,,
1,1,Bishop,,,
1,2,First Counselor,,,
1,3,Second Counselor,,,
1,4,Executive Secretary,,,
1,5,Clerk,,,
1,6,Assistant Clerk,,,
1,7,Assistant Clerk--Membership,,,
1,8,Assistant Clerk--Finance,,,
2,1,President,,,
2,2,First Counselor,,,
2,3,Second Counselor,,,
2,4,Secretary,,,
2,5,Assistant Secretary,,,
2,6,Instructor,,,
2,7,Home Teaching District Supervisor,,,
3,1,Group Leader,,,
3,2,Group First Assistant,,,
3,3,Group Second Assistant,,,
3,4,Group Secretary,,,
3,5,Group Assistant Secretary,,,
3,6,Group Instructor,,,
3,7,Home Teaching District Supervisor,,,
4,1,President,,,
4,2,First Counselor,,,
4,3,Second Counselor,,,
4,4,Secretary,,,
4,5,Pianist,,,
4,6,Music Leader,,,
4,7,Teacher,,,
4,8,Nursery Leader,,,
4,9,Cub Scout Committee Chairman,,,
4,10,Cub Scout Committee Member,,,
4,11,Cubmaster,,,
4,12,Wolf Den Leader,,,
4,13,Wolf Den Assistant Leader,,,
4,14,Bear Den Leader,,,
4,15,Bear Den Assistant Leader,,,
4,16,Webelos Leader,,,
4,17,Webelos Assistant Leader,,,
4,18,Eleven-Year-Old Scout Leader,,,
4,19,Activity Days Leader,,,
4,20,Activity Days Assistant Leader,,,
5,1,President,,,
5,2,First Counselor,,,
5,3,Second Counselor,,,
5,4,Secretary,,,
5,5,Assistant Secretary,,,
5,6,Teacher,,,
5,7,Visiting Teaching Coordinator,,,
5,8,Visiting Teaching District Supervisor,,,
5,9,Meeting Coordinator,,,
5,10,Meeting Committee Member,,,
5,11,Music Leader,,,
5,12,Pianist,,,
5,13,Compassionate Service Coordinator,,,
5,14,Compassionate Service Assistant Coordinator,,,
6,1,President,,,
6,2,First Counselor,,,
6,3,Second Counselor,,,
6,4,Secretary,,,
6,5,Teacher,,,
6,6,Librarian,,,
6,7,Assistant Librarian,,,
7,1,Leader,,,
7,2,Ward Missionary,,,
7,3,Missionary - Full Time,,,
8,1,President,,,
8,2,First Counselor,,,
8,3,Second Counselor,,,
8,4,Secretary,,,
8,5,Priests Quorum Adviser,,,
8,6,Priests Quorum Assistant Adviser,,,
8,7,Teachers Quorum Adviser,,,
8,8,Teachers Quorum Assistant Adviser,,,
8,9,Deacons Quorum Adviser,,,
8,10,Deacons Quorum Assistant Adviser,,,
8,11,Priests Quorum President,,,
8,12,Priests Quorum First Assistant,,,
8,13,Priests Quorum Second Assistant,,,
8,14,Priests Quorum Secretary,,,
8,15,Teachers Quorum President,,,
8,16,Teachers Quorum First Counselor,,,
8,17,Teachers Quorum Second Counselor,,,
8,18,Teachers Quorum Secretary,,,
8,19,Deacons Quorum President,,,
8,20,Deacons Quorum First Counselor,,,
8,21,Deacons Quorum Second Counselor,,,
8,22,Deacons Quorum Secretary,,,
8,23,Scouting Committee Chairman,,,
8,24,Scouting Committee Member,,,
8,25,Scoutmaster,,,
8,26,Assistant Scoutmaster,,,
8,27,Executive Officer,,,
8,28,Chartered Organization Representative,,,
8,29,Varsity Coach,,,
8,30,Assistant Varsity Coach,,,
8,31,Venturing Crew Adviser,,,
8,32,Assistant Venturing Crew Adviser,,,
8,33,Stake Youth Committee Member,,,
8,34,Sports Coach,,,
9,1,Relief Society Adviser to Young Single Adult Sisters,,,
9,2,Young Single Adult Adviser,,,
9,3,Young Single Adult Leader,,,
10,1,President,,,
10,2,First Counselor,,,
10,3,Second Counselor,,,
10,4,Secretary,,,
10,5,Laurel Adviser,,,
10,6,Laurel Assistant Adviser,,,
10,7,Mia Maid Adviser,,,
10,8,Mia Maid Assistant Adviser,,,
10,9,Beehive Adviser,,,
10,10,Beehive Assistant Adviser,,,
10,11,Laurel President,,,
10,12,Laurel First Counselor,,,
10,13,Laurel Second Counselor,,,
10,14,Laurel Secretary,,,
10,15,Mia Maid President,,,
10,16,Mia Maid First Counselor,,,
10,17,Mia Maid Second Counselor,,,
10,18,Mia Maid Secretary,,,
10,19,Beehive President,,,
10,20,Beehive First Counselor,,,
10,21,Beehive Second Counselor,,,
10,22,Beehive Secretary,,,
10,23,Music Director,,,
10,24,Pianist,,,
10,25,Activity Specialist,,,
10,26,Camp Director,,,
10,27,Assistant Camp Director,,,
10,28,Stake Youth Committee,,,
10,29,Sports Specialist,,,
10,30,Assistant Sports Specialist,,,
11,1,Magazine Representative,,,
11,2,Disability Specialist,,,
11,3,Welfare Specialist,,,
11,4,Employment Specialist,,,
11,5,Self-Reliance Specialist,,,
11,6,Addiction Recovery Worker,,,
11,7,Building Representative,,,
11,8,Scheduler,,,
11,9,Family History Leader,,,
11,10,Family History Consultant,,,
11,11,Indexing Director,,,
11,12,Indexing Assistant Director,,,
11,13,Indexing Worker,,,
11,14,History Specialist,,,
11,15,Priesthood Pianist or Organist,,,
11,16,Priesthood Music Director,,,
11,17,Choir Accompanist,,,
11,18,Music Adviser,,,
11,19,Choir Director,,,
11,20,Chorister,,,
11,21,Organist or Pianist,,,
11,22,Music Director,,,
11,23,Music Chairman,,,
11,24,Website Administrator,,,
